{
  "params": {
    "N": 18,
    "g_f": 2.0,
    "t_max": 15.0,
    "n_t": 150
  },
  "t": [
    0.0,
    0.10067114093959731,
    0.20134228187919462,
    0.30201342281879195,
    0.40268456375838924,
    0.5033557046979865,
    0.6040268456375839,
    0.7046979865771812,
    0.8053691275167785,
    0.9060402684563758,
    1.006711409395973,
    1.1073825503355703,
    1.2080536912751678,
    1.308724832214765,
    1.4093959731543624,
    1.5100671140939597,
    1.610738255033557,
    1.7114093959731542,
    1.8120805369127515,
    1.9127516778523488,
    2.013422818791946,
    2.1140939597315436,
    2.2147651006711406,
    2.315436241610738,
    2.4161073825503356,
    2.5167785234899327,
    2.61744966442953,
    2.7181208053691273,
    2.8187919463087248,
    2.919463087248322,
    3.0201342281879193,
    3.1208053691275164,
    3.221476510067114,
    3.3221476510067114,
    3.4228187919463084,
    3.523489932885906,
    3.624161073825503,
    3.7248322147651005,
    3.8255033557046976,
    3.926174496644295,
    4.026845637583892,
    4.12751677852349,
    4.228187919463087,
    4.328859060402684,
    4.429530201342281,
    4.530201342281879,
    4.630872483221476,
    4.731543624161073,
    4.832214765100671,
    4.932885906040268,
    5.033557046979865,
    5.1342281879194624,
    5.23489932885906,
    5.3355704697986575,
    5.4362416107382545,
    5.536912751677852,
    5.6375838926174495,
    5.738255033557047,
    5.838926174496644,
    5.939597315436242,
    6.040268456375839,
    6.140939597315436,
    6.241610738255033,
    6.342281879194631,
    6.442953020134228,
    6.543624161073825,
    6.644295302013423,
    6.74496644295302,
    6.845637583892617,
    6.946308724832214,
    7.046979865771812,
    7.147651006711409,
    7.248322147651006,
    7.348993288590604,
    7.449664429530201,
    7.550335570469798,
    7.651006711409395,
    7.751677852348993,
    7.85234899328859,
    7.953020134228187,
    8.053691275167784,
    8.154362416107382,
    8.25503355704698,
    8.355704697986576,
    8.456375838926174,
    8.55704697986577,
    8.657718120805368,
    8.758389261744966,
    8.859060402684563,
    8.95973154362416,
    9.060402684563758,
    9.161073825503355,
    9.261744966442953,
    9.36241610738255,
    9.463087248322147,
    9.563758389261745,
    9.664429530201343,
    9.765100671140939,
    9.865771812080537,
    9.966442953020133,
    10.06711409395973,
    10.167785234899329,
    10.268456375838925,
    10.369127516778523,
    10.46979865771812,
    10.570469798657717,
    10.671140939597315,
    10.771812080536913,
    10.872483221476509,
    10.973154362416107,
    11.073825503355703,
    11.174496644295301,
    11.275167785234899,
    11.375838926174495,
    11.476510067114093,
    11.577181208053691,
    11.677852348993287,
    11.778523489932885,
    11.879194630872483,
    11.97986577181208,
    12.080536912751677,
    12.181208053691275,
    12.281879194630871,
    12.38255033557047,
    12.483221476510066,
    12.583892617449663,
    12.684563758389261,
    12.785234899328858,
    12.885906040268456,
    12.986577181208053,
    13.08724832214765,
    13.187919463087248,
    13.288590604026846,
    13.389261744966442,
    13.48993288590604,
    13.590604026845636,
    13.691275167785234,
    13.791946308724832,
    13.892617449664428,
    13.993288590604026,
    14.093959731543624,
    14.19463087248322,
    14.295302013422818,
    14.395973154362416,
    14.496644295302012,
    14.59731543624161,
    14.697986577181208,
    14.798657718120804,
    14.899328859060402,
    15.0
  ],
  "NA2": {
    "0.4_1.2": {
      "DS0_1": 0.26844803228336445,
      "DS0_2": 0.6845019809555692,
      "t_M": 2.7923826133663705,
      "has_qme": true
    },
    "0.6_1.0": {
      "DS0_1": 0.4386911618945494,
      "DS0_2": 0.649909769983806,
      "t_M": 2.38461558265342,
      "has_qme": true
    },
    "0.8_1.4": {
      "DS0_1": 0.5702136877280002,
      "DS0_2": 0.6927298402593458,
      "t_M": 1.305592083397197,
      "has_qme": true
    },
    "1.0_1.4": {
      "DS0_1": 0.649909769983806,
      "DS0_2": 0.6927298402593458,
      "t_M": 1.197677174734542,
      "has_qme": true
    }
  },
  "NA3": {
    "0.4_1.2": {
      "DS0_1": 0.3450648518473317,
      "DS0_2": 0.6920148862248607,
      "t_M": 4.049988233165999,
      "has_qme": true
    },
    "0.6_1.0": {
      "DS0_1": 0.5255114432401217,
      "DS0_2": 0.6806559263517478,
      "t_M": 2.214844137372451,
      "has_qme": true
    },
    "0.8_1.4": {
      "DS0_1": 0.6348206479453171,
      "DS0_2": 0.6931351257159593,
      "t_M": 0.9858047077060279,
      "has_qme": true
    },
    "1.0_1.4": {
      "DS0_1": 0.6806559263517478,
      "DS0_2": 0.6931351257159593,
      "t_M": 0.38103036004975266,
      "has_qme": true
    }
  },
  "NA4": {
    "0.4_1.2": {
      "DS0_1": 0.40523258821191976,
      "DS0_2": 0.692998555515187,
      "t_M": 4.28298024735298,
      "has_qme": true
    },
    "0.6_1.0": {
      "DS0_1": 0.5812570893982187,
      "DS0_2": 0.6895114518207539,
      "t_M": 1.2968335196809528,
      "has_qme": true
    },
    "0.8_1.4": {
      "DS0_1": 0.6651276530194425,
      "DS0_2": 0.6931468323109707,
      "t_M": 0.4065389593635953,
      "has_qme": true
    },
    "1.0_1.4": {
      "DS0_1": 0.6895114518207539,
      "DS0_2": 0.6931468323109707,
      "t_M": 0.2420785695940167,
      "has_qme": true
    }
  },
  "NA5": {
    "0.4_1.2": {
      "DS0_1": 0.4535869735163681,
      "DS0_2": 0.6931276664644445,
      "t_M": 4.3357246041211805,
      "has_qme": true
    },
    "0.6_1.0": {
      "DS0_1": 0.6179115352360752,
      "DS0_2": 0.6920867266942117,
      "t_M": 1.0864969529581228,
      "has_qme": true
    },
    "0.8_1.4": {
      "DS0_1": 0.6796128355345921,
      "DS0_2": 0.6931471704994416,
      "t_M": 0.31186711585712956,
      "has_qme": true
    },
    "1.0_1.4": {
      "DS0_1": 0.6920867266942117,
      "DS0_2": 0.6931471704994416,
      "t_M": 0.15743425323605464,
      "has_qme": true
    }
  },
  "NA6": {
    "0.4_1.2": {
      "DS0_1": 0.4929930942488298,
      "DS0_2": 0.6931446183123668,
      "t_M": 1.3007648192513928,
      "has_qme": true
    },
    "0.6_1.0": {
      "DS0_1": 0.6423301982255114,
      "DS0_2": 0.6928376834023975,
      "t_M": 0.5652547128021472,
      "has_qme": true
    },
    "0.8_1.4": {
      "DS0_1": 0.6865929666646167,
      "DS0_2": 0.6931471802693099,
      "t_M": 0.24051329310378977,
      "has_qme": true
    },
    "1.0_1.4": {
      "DS0_1": 0.6928376834023975,
      "DS0_2": 0.6931471802693099,
      "t_M": 0.11034598113239784,
      "has_qme": true
    }
  }
}