{
  "params": {
    "N": 12,
    "NA": 4,
    "t_max": 25.0,
    "n_t": 250,
    "g_f": 2.0
  },
  "t": [
    0.0,
    0.10040160642570281,
    0.20080321285140562,
    0.3012048192771084,
    0.40160642570281124,
    0.5020080321285141,
    0.6024096385542168,
    0.7028112449799196,
    0.8032128514056225,
    0.9036144578313253,
    1.0040160642570282,
    1.104417670682731,
    1.2048192771084336,
    1.3052208835341366,
    1.4056224899598393,
    1.5060240963855422,
    1.606425702811245,
    1.7068273092369477,
    1.8072289156626506,
    1.9076305220883534,
    2.0080321285140563,
    2.108433734939759,
    2.208835341365462,
    2.3092369477911645,
    2.4096385542168672,
    2.5100401606425704,
    2.610441767068273,
    2.710843373493976,
    2.8112449799196786,
    2.9116465863453813,
    3.0120481927710845,
    3.112449799196787,
    3.21285140562249,
    3.3132530120481927,
    3.4136546184738954,
    3.5140562248995986,
    3.6144578313253013,
    3.714859437751004,
    3.8152610441767068,
    3.9156626506024095,
    4.016064257028113,
    4.116465863453815,
    4.216867469879518,
    4.317269076305221,
    4.417670682730924,
    4.518072289156627,
    4.618473895582329,
    4.718875502008032,
    4.8192771084337345,
    4.919678714859438,
    5.020080321285141,
    5.120481927710843,
    5.220883534136546,
    5.3212851405622486,
    5.421686746987952,
    5.522088353413655,
    5.622489959839357,
    5.72289156626506,
    5.823293172690763,
    5.923694779116466,
    6.024096385542169,
    6.124497991967871,
    6.224899598393574,
    6.325301204819277,
    6.42570281124498,
    6.526104417670683,
    6.626506024096385,
    6.7269076305220885,
    6.827309236947791,
    6.927710843373494,
    7.028112449799197,
    7.128514056224899,
    7.228915662650603,
    7.329317269076305,
    7.429718875502008,
    7.530120481927711,
    7.6305220883534135,
    7.730923694779117,
    7.831325301204819,
    7.931726907630522,
    8.032128514056225,
    8.132530120481928,
    8.23293172690763,
    8.333333333333334,
    8.433734939759036,
    8.534136546184738,
    8.634538152610443,
    8.734939759036145,
    8.835341365461847,
    8.93574297188755,
    9.036144578313253,
    9.136546184738956,
    9.236947791164658,
    9.337349397590362,
    9.437751004016064,
    9.538152610441767,
    9.638554216867469,
    9.738955823293173,
    9.839357429718875,
    9.939759036144578,
    10.040160642570282,
    10.140562248995984,
    10.240963855421686,
    10.34136546184739,
    10.441767068273093,
    10.542168674698795,
    10.642570281124497,
    10.742971887550201,
    10.843373493975903,
    10.943775100401606,
    11.04417670682731,
    11.144578313253012,
    11.244979919678714,
    11.345381526104418,
    11.44578313253012,
    11.546184738955823,
    11.646586345381525,
    11.74698795180723,
    11.847389558232932,
    11.947791164658634,
    12.048192771084338,
    12.14859437751004,
    12.248995983935743,
    12.349397590361447,
    12.449799196787149,
    12.550200803212851,
    12.650602409638553,
    12.751004016064257,
    12.85140562248996,
    12.951807228915662,
    13.052208835341366,
    13.152610441767068,
    13.25301204819277,
    13.353413654618473,
    13.453815261044177,
    13.55421686746988,
    13.654618473895582,
    13.755020080321286,
    13.855421686746988,
    13.95582329317269,
    14.056224899598394,
    14.156626506024097,
    14.257028112449799,
    14.357429718875501,
    14.457831325301205,
    14.558232931726907,
    14.65863453815261,
    14.759036144578314,
    14.859437751004016,
    14.959839357429718,
    15.060240963855422,
    15.160642570281125,
    15.261044176706827,
    15.36144578313253,
    15.461847389558233,
    15.562248995983936,
    15.662650602409638,
    15.763052208835342,
    15.863453815261044,
    15.963855421686747,
    16.06425702811245,
    16.164658634538153,
    16.265060240963855,
    16.365461847389557,
    16.46586345381526,
    16.566265060240962,
    16.666666666666668,
    16.76706827309237,
    16.867469879518072,
    16.967871485943775,
    17.068273092369477,
    17.16867469879518,
    17.269076305220885,
    17.369477911646587,
    17.46987951807229,
    17.570281124497992,
    17.670682730923694,
    17.771084337349397,
    17.8714859437751,
    17.971887550200805,
    18.072289156626507,
    18.17269076305221,
    18.27309236947791,
    18.373493975903614,
    18.473895582329316,
    18.57429718875502,
    18.674698795180724,
    18.775100401606426,
    18.87550200803213,
    18.97590361445783,
    19.076305220883533,
    19.176706827309236,
    19.277108433734938,
    19.377510040160644,
    19.477911646586346,
    19.57831325301205,
    19.67871485943775,
    19.779116465863453,
    19.879518072289155,
    19.97991967871486,
    20.080321285140563,
    20.180722891566266,
    20.281124497991968,
    20.38152610441767,
    20.481927710843372,
    20.582329317269075,
    20.68273092369478,
    20.783132530120483,
    20.883534136546185,
    20.983935742971887,
    21.08433734939759,
    21.184738955823292,
    21.285140562248994,
    21.3855421686747,
    21.485943775100402,
    21.586345381526105,
    21.686746987951807,
    21.78714859437751,
    21.88755020080321,
    21.987951807228917,
    22.08835341365462,
    22.188755020080322,
    22.289156626506024,
    22.389558232931726,
    22.48995983935743,
    22.59036144578313,
    22.690763052208837,
    22.79116465863454,
    22.89156626506024,
    22.991967871485944,
    23.092369477911646,
    23.19277108433735,
    23.29317269076305,
    23.393574297188756,
    23.49397590361446,
    23.59437751004016,
    23.694779116465863,
    23.795180722891565,
    23.895582329317268,
    23.99598393574297,
    24.096385542168676,
    24.196787148594378,
    24.29718875502008,
    24.397590361445783,
    24.497991967871485,
    24.598393574297187,
    24.698795180722893,
    24.799196787148595,
    24.899598393574298,
    25.0
  ],
  "0.0": {
    "name": "TFIM",
    "gamma": 0.0,
    "g_c": 0.5,
    "has_dqpt": true,
    "max_losch_rate": 0.17024218346531314,
    "dqpt_times": [
      1.0040160642570282,
      3.0120481927710845,
      5.120481927710843,
      7.228915662650603,
      9.337349397590362,
      11.546184738955823,
      13.55421686746988,
      15.562248995983936,
      17.670682730923694,
      19.67871485943775,
      21.78714859437751,
      23.795180722891565
    ],
    "qme_0.4_1.2": {
      "has_qme": true,
      "t_M": 3.9976316832796734,
      "DS0_1": 0.4052325882119223,
      "DS0_2": 0.6929985555151853
    },
    "qme_0.8_1.4": {
      "has_qme": true,
      "t_M": 0.4258806361680951,
      "DS0_1": 0.6651276530194414,
      "DS0_2": 0.6931468323109707
    }
  },
  "0.25": {
    "name": "\u03b3=0.25",
    "gamma": 0.25,
    "g_c": 0.4330127018922193,
    "has_dqpt": true,
    "max_losch_rate": 0.15943030421186435,
    "dqpt_times": [
      1.0040160642570282,
      3.0120481927710845,
      5.120481927710843,
      7.128514056224899,
      9.337349397590362,
      11.44578313253012,
      13.654618473895582,
      15.662650602409638,
      17.670682730923694,
      19.67871485943775,
      21.78714859437751,
      23.795180722891565
    ],
    "qme_0.4_1.2": {
      "has_qme": true,
      "t_M": 3.975174107927893,
      "DS0_1": 0.4052325882119223,
      "DS0_2": 0.6929985555151853
    },
    "qme_0.8_1.4": {
      "has_qme": true,
      "t_M": 0.42887668963495174,
      "DS0_1": 0.6651276530194414,
      "DS0_2": 0.6931468323109707
    }
  },
  "0.5": {
    "name": "\u03b3=0.5",
    "gamma": 0.5,
    "g_c": 0.3535533905932738,
    "has_dqpt": true,
    "max_losch_rate": 0.15764872418723755,